{
  "irrigationNet": {
    "south": -33.918685232245736,
    "north": -33.89459458167451,
    "west": 18.906842444744665,
    "east": 18.935629123161444
  },
  "satImagery": {
    "south": -33.918685232245736,
    "north": -33.89459458167451,
    "west": 18.906842444744665,
    "east": 18.935629123161444
  }
}